"ficha","idEntidade","codigoBanco","nomeBanco","codigoAgencia","digitoAgencia","nomeAgencia","codigoContaBancaria","digitoConta","nomeConta","aplicacaoAnterior","aplicacaoPeriodo","resgate","rentabilidade","saldoBancario","deposito","chequeTransito","creditoRegularizarBanco","debitoRegularizarBanco","credRegularizarJurisdicionado","debRegularizarJurisdicionado","regularizacao.emissao","regularizacao.numero","regularizacao.historico","regularizacao.origemConciliacao","regularizacao.tipoMovimento","regularizacao.valor"
"1210","1","1","Banco do Brasil S.A.","2763","4","AGENCIA BANCO BRASIL VGSUL","0000030006","3","BCO BRASIL - CONTA MOVIMENTO","87627.75","0","0","5336.11","661679.78","0","0","157436.21","227816.39","155051.46","614409.09","04/02/2025 00:00:00","","REEMBOLSO DE ADIANT. SALÁRIO 08/01 CREDITADO INDEVIDAMENTE NESTA CONTA, CORRETO É CREDITAR NA 1475","BANCO","ENTRADA","16413"
"1210","1","1","Banco do Brasil S.A.","2763","4","AGENCIA BANCO BRASIL VGSUL","0000030006","3","BCO BRASIL - CONTA MOVIMENTO","87627.75","0","0","5336.11","661679.78","0","0","157436.21","227816.39","155051.46","614409.09","04/02/2025 00:00:00","","REEMBOLSO ADIAN. SALÁRIO 08/01, EFETUADO INCORRETAMENTE NESTA CONTA, O CORRETO É CREDITAR A 1475","BANCO","ENTRADA","26932"
"1210","1","1","Banco do Brasil S.A.","2763","4","AGENCIA BANCO BRASIL VGSUL","0000030006","3","BCO BRASIL - CONTA MOVIMENTO","87627.75","0","0","5336.11","661679.78","0","0","157436.21","227816.39","155051.46","614409.09","04/02/2025 00:00:00","","REEMBOLSO DE ADIANT. SALÁRIO 08/01 CREDITADO INDEVIDAMENTE NESTA CONTA, CORRETO É CREDITAR NA 1475","BANCO","ENTRADA","10643"
"1210","1","1","Banco do Brasil S.A.","2763","4","AGENCIA BANCO BRASIL VGSUL","0000030006","3","BCO BRASIL - CONTA MOVIMENTO","87627.75","0","0","5336.11","661679.78","0","0","157436.21","227816.39","155051.46","614409.09","04/02/2025 00:00:00","","REEMBOLSO DE ADIANT. SALÁRIO 08/01 CREDITADO INDEVIDAMENTE NESTA CONTA, CORRETO É CREDITAR NA 1475","BANCO","ENTRADA","600"
"1210","1","1","Banco do Brasil S.A.","2763","4","AGENCIA BANCO BRASIL VGSUL","0000030006","3","BCO BRASIL - CONTA MOVIMENTO","87627.75","0","0","5336.11","661679.78","0","0","157436.21","227816.39","155051.46","614409.09","12/05/2025 00:00:00","","REEMBOLSO DE I.N.S.S FERNANDO BERNARDES MARIA, DEBITADO DA CONTA 1229, E PAGAMENTO NÃO EFETUADO NO BANCO","BANCO","ENTRADA","19.8"
"1210","1","1","Banco do Brasil S.A.","2763","4","AGENCIA BANCO BRASIL VGSUL","0000030006","3","BCO BRASIL - CONTA MOVIMENTO","87627.75","0","0","5336.11","661679.78","0","0","157436.21","227816.39","155051.46","614409.09","11/09/2025 00:00:00","","PIX RECEBIDO DE PAULO GIOVANI E NÃO CONTABILIZADO","BANCO","ENTRADA","51.69"
"1210","1","1","Banco do Brasil S.A.","2763","4","AGENCIA BANCO BRASIL VGSUL","0000030006","3","BCO BRASIL - CONTA MOVIMENTO","87627.75","0","0","5336.11","661679.78","0","0","157436.21","227816.39","155051.46","614409.09","27/11/2025 00:00:00","","ACERTO DE CONCILIAÇÃO DEBITADO DA CONTA 1447,REF. REEMBOLSO I.N.S.S, EFETUADO INCORRETAMENTE NO BANCO","BANCO","ENTRADA","24.68"
"1210","1","1","Banco do Brasil S.A.","2763","4","AGENCIA BANCO BRASIL VGSUL","0000030006","3","BCO BRASIL - CONTA MOVIMENTO","87627.75","0","0","5336.11","661679.78","0","0","157436.21","227816.39","155051.46","614409.09","03/12/2025 00:00:00","","TRANSFERÊNCIA RECEBIDA DA ASSOCIAÇÃO M CELESTINO E NÃO CONTABILIZADA","BANCO","ENTRADA","29169.54"
"1210","1","1","Banco do Brasil S.A.","2763","4","AGENCIA BANCO BRASIL VGSUL","0000030006","3","BCO BRASIL - CONTA MOVIMENTO","87627.75","0","0","5336.11","661679.78","0","0","157436.21","227816.39","155051.46","614409.09","04/12/2025 00:00:00","","TRANSFERÊNCIA RECEBIDA DA ASSOCIAÇÃO M CELESTINO E NÃO CONTABILIZADA","BANCO","ENTRADA","139.59"
"1210","1","1","Banco do Brasil S.A.","2763","4","AGENCIA BANCO BRASIL VGSUL","0000030006","3","BCO BRASIL - CONTA MOVIMENTO","87627.75","0","0","5336.11","661679.78","0","0","157436.21","227816.39","155051.46","614409.09","09/12/2025 00:00:00","","TED CREDITADO NO BANCO, POR GENTE SEGURADORA E NÃO CONTABILIZADO","BANCO","ENTRADA","18133.98"
"1210","1","1","Banco do Brasil S.A.","2763","4","AGENCIA BANCO BRASIL VGSUL","0000030006","3","BCO BRASIL - CONTA MOVIMENTO","87627.75","0","0","5336.11","661679.78","0","0","157436.21","227816.39","155051.46","614409.09","15/12/2025 00:00:00","","TRANSFERÊNCIA DE IR., RECEBIDA DO SAE E NÃO CONTABILIZADA","BANCO","ENTRADA","633.59"
"1210","1","1","Banco do Brasil S.A.","2763","4","AGENCIA BANCO BRASIL VGSUL","0000030006","3","BCO BRASIL - CONTA MOVIMENTO","87627.75","0","0","5336.11","661679.78","0","0","157436.21","227816.39","155051.46","614409.09","16/12/2025 00:00:00","","TED DEBITADA DA CONTA 1475, PARA ACERTO DE CONCILIAÇÃO, EFETUADA INCORRETAMENTE NO BANCO","BANCO","ENTRADA","87.34"
"1210","1","1","Banco do Brasil S.A.","2763","4","AGENCIA BANCO BRASIL VGSUL","0000030006","3","BCO BRASIL - CONTA MOVIMENTO","87627.75","0","0","5336.11","661679.78","0","0","157436.21","227816.39","155051.46","614409.09","16/12/2025 00:00:00","","TED DEBITADA DA CONTA 1475, PARA ACERTO DE CONCILIAÇÃO, EFETUADA INCORRETAMENTE NO BANCO","BANCO","ENTRADA","600"
"1210","1","1","Banco do Brasil S.A.","2763","4","AGENCIA BANCO BRASIL VGSUL","0000030006","3","BCO BRASIL - CONTA MOVIMENTO","87627.75","0","0","5336.11","661679.78","0","0","157436.21","227816.39","155051.46","614409.09","29/12/2025 00:00:00","","TED DEBITADA DA CONTA 1475, PARA ACERTO DE CONCILIAÇÃO, EFETUADA INCORRETAMENTE NO BANCO","BANCO","ENTRADA","16413"
"1210","1","1","Banco do Brasil S.A.","2763","4","AGENCIA BANCO BRASIL VGSUL","0000030006","3","BCO BRASIL - CONTA MOVIMENTO","87627.75","0","0","5336.11","661679.78","0","0","157436.21","227816.39","155051.46","614409.09","29/12/2025 00:00:00","","TED DEBITADA DA CONTA 1475, PARA ACERTO DE CONCILIAÇÃO, EFETUADA INCORRETAMENTE NO BANCO","BANCO","ENTRADA","26932"
"1210","1","1","Banco do Brasil S.A.","2763","4","AGENCIA BANCO BRASIL VGSUL","0000030006","3","BCO BRASIL - CONTA MOVIMENTO","87627.75","0","0","5336.11","661679.78","0","0","157436.21","227816.39","155051.46","614409.09","29/12/2025 00:00:00","","TED DEBITADA DA CONTA 1475, PARA ACERTO DE CONCILIAÇÃO, EFETUADA INCORRETAMENTE NO BANCO","BANCO","ENTRADA","10643"
"1210","1","1","Banco do Brasil S.A.","2763","4","AGENCIA BANCO BRASIL VGSUL","0000030006","3","BCO BRASIL - CONTA MOVIMENTO","87627.75","0","0","5336.11","661679.78","0","0","157436.21","227816.39","155051.46","614409.09","24/01/2025 00:00:00","","I.N.S.S (N.J CAETANO) PAGAMENTO RECOLHIDO EM DUPLICIDADE BANCO ","BANCO","SAIDA","5337.13"
"1210","1","1","Banco do Brasil S.A.","2763","4","AGENCIA BANCO BRASIL VGSUL","0000030006","3","BCO BRASIL - CONTA MOVIMENTO","87627.75","0","0","5336.11","661679.78","0","0","157436.21","227816.39","155051.46","614409.09","12/05/2025 00:00:00","","I.N.S.S REF. JANEIRO/25 - PARTE PATRONAL, PAGAMENTO EFETUADO NO BANCO E NÃO CONTABILIZADO","BANCO","SAIDA","1091.8"
"1210","1","1","Banco do Brasil S.A.","2763","4","AGENCIA BANCO BRASIL VGSUL","0000030006","3","BCO BRASIL - CONTA MOVIMENTO","87627.75","0","0","5336.11","661679.78","0","0","157436.21","227816.39","155051.46","614409.09","12/05/2025 00:00:00","","I.N.S.S - EMPREGADOS/AVULSOS DEZEMBRO/24, PAGAMENTO EFETUADO NO BANCO E NÃO CONTABILIZADO","BANCO","SAIDA","235.26"
"1210","1","1","Banco do Brasil S.A.","2763","4","AGENCIA BANCO BRASIL VGSUL","0000030006","3","BCO BRASIL - CONTA MOVIMENTO","87627.75","0","0","5336.11","661679.78","0","0","157436.21","227816.39","155051.46","614409.09","22/05/2025 00:00:00","","I.N.S.S RICARDO DONIZETE TABARIM - PAGAMENTO EFETUADO NO BANCO E CONTABILIZADO NA CONTA 1240","BANCO","SAIDA","628.52"
"1210","1","1","Banco do Brasil S.A.","2763","4","AGENCIA BANCO BRASIL VGSUL","0000030006","3","BCO BRASIL - CONTA MOVIMENTO","87627.75","0","0","5336.11","661679.78","0","0","157436.21","227816.39","155051.46","614409.09","07/07/2025 00:00:00","","REEMBOLSO DE JUROS DESENVOLVE SP, CREDITADO DA CONTA 1447, EFETUADO EM DUPLICIDADE NO BANCO","BANCO","SAIDA","24.68"
"1210","1","1","Banco do Brasil S.A.","2763","4","AGENCIA BANCO BRASIL VGSUL","0000030006","3","BCO BRASIL - CONTA MOVIMENTO","87627.75","0","0","5336.11","661679.78","0","0","157436.21","227816.39","155051.46","614409.09","11/07/2025 00:00:00","","I.N.S.S, AUTÔNOMOS JUNHO/25, PAGAMENTO EFETUADO NO BANCO E CONTABILIZADO NA CONTA 1229","BANCO","SAIDA","83.49"
"1210","1","1","Banco do Brasil S.A.","2763","4","AGENCIA BANCO BRASIL VGSUL","0000030006","3","BCO BRASIL - CONTA MOVIMENTO","87627.75","0","0","5336.11","661679.78","0","0","157436.21","227816.39","155051.46","614409.09","23/07/2025 00:00:00","","I.N.S.S (PARTE PATRONAL) FERNANDA ROBERTA DONINI NÃO CONTABILIZADO","BANCO","SAIDA","693.95"
"1210","1","1","Banco do Brasil S.A.","2763","4","AGENCIA BANCO BRASIL VGSUL","0000030006","3","BCO BRASIL - CONTA MOVIMENTO","87627.75","0","0","5336.11","661679.78","0","0","157436.21","227816.39","155051.46","614409.09","14/08/2025 00:00:00","","I.N.S.S AUTÔNOMOS DE JULHO/25 CONTABILIZADO À MENOR","BANCO","SAIDA","0.01"
"1210","1","1","Banco do Brasil S.A.","2763","4","AGENCIA BANCO BRASIL VGSUL","0000030006","3","BCO BRASIL - CONTA MOVIMENTO","87627.75","0","0","5336.11","661679.78","0","0","157436.21","227816.39","155051.46","614409.09","01/09/2025 00:00:00","","JOSÉ ROBERTO VILIA ALBERTO - PAGAMENTO EFETUADO EM DUPLICIDADE NO BANCO (12/06/25 E 01/09/25)","BANCO","SAIDA","1440"
"1210","1","1","Banco do Brasil S.A.","2763","4","AGENCIA BANCO BRASIL VGSUL","0000030006","3","BCO BRASIL - CONTA MOVIMENTO","87627.75","0","0","5336.11","661679.78","0","0","157436.21","227816.39","155051.46","614409.09","08/09/2025 00:00:00","","BANCO SANTANDER BRASIL SA (EMPRÉSTIMO)-  PAGAMENTO EFETUADO NO BANCO E NÃO DESCONTADO DO APOSENTADO SR. ROBERTO LUÍS MUNIZ","BANCO","SAIDA","926.42"
"1210","1","1","Banco do Brasil S.A.","2763","4","AGENCIA BANCO BRASIL VGSUL","0000030006","3","BCO BRASIL - CONTA MOVIMENTO","87627.75","0","0","5336.11","661679.78","0","0","157436.21","227816.39","155051.46","614409.09","16/09/2025 00:00:00","","ELEKTRO ELETRICIDADE E SERVIÇOS SA - PAGAMENTO EFETUADO NO BANCO E NÃO CONTABILIZADO","BANCO","SAIDA","1372.79"
"1210","1","1","Banco do Brasil S.A.","2763","4","AGENCIA BANCO BRASIL VGSUL","0000030006","3","BCO BRASIL - CONTA MOVIMENTO","87627.75","0","0","5336.11","661679.78","0","0","157436.21","227816.39","155051.46","614409.09","16/09/2025 00:00:00","","ELEKTRO ELETRICIDADE E SERVIÇO SA - PAGAMENTO EFETUADO NO BANCO E NÃO CONTABILIZADO","BANCO","SAIDA","270.85"
"1210","1","1","Banco do Brasil S.A.","2763","4","AGENCIA BANCO BRASIL VGSUL","0000030006","3","BCO BRASIL - CONTA MOVIMENTO","87627.75","0","0","5336.11","661679.78","0","0","157436.21","227816.39","155051.46","614409.09","10/10/2025 00:00:00","","FUPREBEN - PAGAMENTO EFETUADO À MAIOR NO BANCO","BANCO","SAIDA","160.91"
"1210","1","1","Banco do Brasil S.A.","2763","4","AGENCIA BANCO BRASIL VGSUL","0000030006","3","BCO BRASIL - CONTA MOVIMENTO","87627.75","0","0","5336.11","661679.78","0","0","157436.21","227816.39","155051.46","614409.09","16/10/2025 00:00:00","","ELEKTRO ELETRICIDADE E SERVIÇOS SA - FATURA DEBITADA NO BANCO E NÃO CONTABILIZADA","BANCO","SAIDA","319.94"
"1210","1","1","Banco do Brasil S.A.","2763","4","AGENCIA BANCO BRASIL VGSUL","0000030006","3","BCO BRASIL - CONTA MOVIMENTO","87627.75","0","0","5336.11","661679.78","0","0","157436.21","227816.39","155051.46","614409.09","22/10/2025 00:00:00","","ELEKTRO ELETRICIDADE E SERVIÇOS SA - FATURA DEBITADA NO BANCO E NÃO CONTABILIZADA","BANCO","SAIDA","376.08"
"1210","1","1","Banco do Brasil S.A.","2763","4","AGENCIA BANCO BRASIL VGSUL","0000030006","3","BCO BRASIL - CONTA MOVIMENTO","87627.75","0","0","5336.11","661679.78","0","0","157436.21","227816.39","155051.46","614409.09","31/10/2025 00:00:00","","EVEREST LTDA - PAGAMENTO EFETUADO NO BANCO E CONTABILIZADO EM 14/11/25","BANCO","SAIDA","155156"
"1210","1","1","Banco do Brasil S.A.","2763","4","AGENCIA BANCO BRASIL VGSUL","0000030006","3","BCO BRASIL - CONTA MOVIMENTO","87627.75","0","0","5336.11","661679.78","0","0","157436.21","227816.39","155051.46","614409.09","10/11/2025 00:00:00","","LUÍS CARLOS MARTINS (NE 16016) - PAGAMENTO EFETUADO NO BANCO E NÃO CONTABILIZADO","BANCO","SAIDA","11600"
"1210","1","1","Banco do Brasil S.A.","2763","4","AGENCIA BANCO BRASIL VGSUL","0000030006","3","BCO BRASIL - CONTA MOVIMENTO","87627.75","0","0","5336.11","661679.78","0","0","157436.21","227816.39","155051.46","614409.09","13/11/2025 00:00:00","","I.N.S.S RLG CONSTRUTORA LTDA - PAGAMENTO EFETUADO NO BANCO E CONTABILIZADO CERTO A CONTA 1513, EM 22/12/25","BANCO","SAIDA","4536.69"
"1210","1","1","Banco do Brasil S.A.","2763","4","AGENCIA BANCO BRASIL VGSUL","0000030006","3","BCO BRASIL - CONTA MOVIMENTO","87627.75","0","0","5336.11","661679.78","0","0","157436.21","227816.39","155051.46","614409.09","13/11/2025 00:00:00","","I.N.S.S RLG CONSTRUTORA LTDA - PAGAMENTO JUROS/MULTA, EFETUADO NO BANCO E CONTABILIZADO EM 22/12/25","BANCO","SAIDA","404.66"
"1210","1","1","Banco do Brasil S.A.","2763","4","AGENCIA BANCO BRASIL VGSUL","0000030006","3","BCO BRASIL - CONTA MOVIMENTO","87627.75","0","0","5336.11","661679.78","0","0","157436.21","227816.39","155051.46","614409.09","13/11/2025 00:00:00","","REEMBOLSO TARIFA BANCÁRIA,CREDITADO NA CONTA 1439, NÃO CONTABILIZADO","BANCO","SAIDA","13.08"
"1210","1","1","Banco do Brasil S.A.","2763","4","AGENCIA BANCO BRASIL VGSUL","0000030006","3","BCO BRASIL - CONTA MOVIMENTO","87627.75","0","0","5336.11","661679.78","0","0","157436.21","227816.39","155051.46","614409.09","24/11/2025 00:00:00","","ELEKTRO ELETRICIDADE E SERVIÇOS SA - PAGAMENTO EFETUADO NO BANCO E NÃO CONTABILIZADO","BANCO","SAIDA","112.08"
"1210","1","1","Banco do Brasil S.A.","2763","4","AGENCIA BANCO BRASIL VGSUL","0000030006","3","BCO BRASIL - CONTA MOVIMENTO","87627.75","0","0","5336.11","661679.78","0","0","157436.21","227816.39","155051.46","614409.09","01/12/2025 00:00:00","","REEMBOLSO DE TARIFA BANCÁRIA, CREDITADO A CONTA 1412, NÃO CONTABILIZADO","BANCO","SAIDA","13.08"
"1210","1","1","Banco do Brasil S.A.","2763","4","AGENCIA BANCO BRASIL VGSUL","0000030006","3","BCO BRASIL - CONTA MOVIMENTO","87627.75","0","0","5336.11","661679.78","0","0","157436.21","227816.39","155051.46","614409.09","01/12/2025 00:00:00","","I.N.S.S AUTÔNOMOS DE JULHO/25, PAGAMENTO EFETUADO NO BANCO EM 14/08/2025 E NÃO REEMBOLSADO PELA CONTA 1229","BANCO","SAIDA","83.49"
"1210","1","1","Banco do Brasil S.A.","2763","4","AGENCIA BANCO BRASIL VGSUL","0000030006","3","BCO BRASIL - CONTA MOVIMENTO","87627.75","0","0","5336.11","661679.78","0","0","157436.21","227816.39","155051.46","614409.09","05/12/2025 00:00:00","","CAD VAL GESTÃO PATRIMONIAL - PAGAMENTO EFETUADO NO BANCO E COTABILIZADO NA CONTA 1220","BANCO","SAIDA","1680.92"
"1210","1","1","Banco do Brasil S.A.","2763","4","AGENCIA BANCO BRASIL VGSUL","0000030006","3","BCO BRASIL - CONTA MOVIMENTO","87627.75","0","0","5336.11","661679.78","0","0","157436.21","227816.39","155051.46","614409.09","15/12/2025 00:00:00","","REEMBOLSO DE TARIFA BANCÁRIA, CREDITADO NA CONTA 1246 E NÃO CONTABILIZADO","BANCO","SAIDA","65.4"
"1210","1","1","Banco do Brasil S.A.","2763","4","AGENCIA BANCO BRASIL VGSUL","0000030006","3","BCO BRASIL - CONTA MOVIMENTO","87627.75","0","0","5336.11","661679.78","0","0","157436.21","227816.39","155051.46","614409.09","16/12/2025 00:00:00","","ELEKTRO ELETRICIDADE E SERVIÇOS SA - FATURA DEBITADA NO BANCO E  CONTABILIZADA NA CONTA 1240","BANCO","SAIDA","261.84"
"1210","1","1","Banco do Brasil S.A.","2763","4","AGENCIA BANCO BRASIL VGSUL","0000030006","3","BCO BRASIL - CONTA MOVIMENTO","87627.75","0","0","5336.11","661679.78","0","0","157436.21","227816.39","155051.46","614409.09","16/12/2025 00:00:00","","ELEKTRO ELETRICIDADE E SERVIÇOS SA - FATURA DEBITADA NO BANCO E  NÃO CONTABILIZADA","BANCO","SAIDA","282.16"
"1210","1","1","Banco do Brasil S.A.","2763","4","AGENCIA BANCO BRASIL VGSUL","0000030006","3","BCO BRASIL - CONTA MOVIMENTO","87627.75","0","0","5336.11","661679.78","0","0","157436.21","227816.39","155051.46","614409.09","16/12/2025 00:00:00","","ELEKTRO ELETRICIDADE E SERVIÇOS SA - FATURA DEBITADA NO BANCO E  NÃO CONTABILIZADA ","BANCO","SAIDA","112.08"
"1210","1","1","Banco do Brasil S.A.","2763","4","AGENCIA BANCO BRASIL VGSUL","0000030006","3","BCO BRASIL - CONTA MOVIMENTO","87627.75","0","0","5336.11","661679.78","0","0","157436.21","227816.39","155051.46","614409.09","16/12/2025 00:00:00","","ELEKTRO ELETRICIDADE E SERVIÇOS SA - FATURA DEBITADA NO BANCO E  NÃO CONTABILIZADA","BANCO","SAIDA","245.04"
"1210","1","1","Banco do Brasil S.A.","2763","4","AGENCIA BANCO BRASIL VGSUL","0000030006","3","BCO BRASIL - CONTA MOVIMENTO","87627.75","0","0","5336.11","661679.78","0","0","157436.21","227816.39","155051.46","614409.09","17/12/2025 00:00:00","","REEMBOLSO DE TARIFA BANCÁRIA, CREDITADA NA CONTA 1412, NÃO CONTABILIZADA","BANCO","SAIDA","26.16"
"1210","1","1","Banco do Brasil S.A.","2763","4","AGENCIA BANCO BRASIL VGSUL","0000030006","3","BCO BRASIL - CONTA MOVIMENTO","87627.75","0","0","5336.11","661679.78","0","0","157436.21","227816.39","155051.46","614409.09","17/12/2025 00:00:00","","REEMBOLSO DE TARIFA BANCÁRIA, CREDITADA NA CONTA 1439, NÃO CONTABILIZADA","BANCO","SAIDA","13.08"
"1210","1","1","Banco do Brasil S.A.","2763","4","AGENCIA BANCO BRASIL VGSUL","0000030006","3","BCO BRASIL - CONTA MOVIMENTO","87627.75","0","0","5336.11","661679.78","0","0","157436.21","227816.39","155051.46","614409.09","17/12/2025 00:00:00","","REEMBOLSO DE TARIFA BANCÁRIA, CREDITADA NA CONTA 1399, NÃO CONTABILIZADA","BANCO","SAIDA","39.24"
"1210","1","1","Banco do Brasil S.A.","2763","4","AGENCIA BANCO BRASIL VGSUL","0000030006","3","BCO BRASIL - CONTA MOVIMENTO","87627.75","0","0","5336.11","661679.78","0","0","157436.21","227816.39","155051.46","614409.09","17/12/2025 00:00:00","","REEMBOLSO DE TARIFA BANCÁRIA, CREDITADA NA CONTA 1397, NÃO CONTABILIZADA","BANCO","SAIDA","26.16"
"1210","1","1","Banco do Brasil S.A.","2763","4","AGENCIA BANCO BRASIL VGSUL","0000030006","3","BCO BRASIL - CONTA MOVIMENTO","87627.75","0","0","5336.11","661679.78","0","0","157436.21","227816.39","155051.46","614409.09","17/12/2025 00:00:00","","REEMBOLSO DE TARIFA BANCÁRIA, CREDITADA NA CONTA 1412, NÃO CONTABILIZADA","BANCO","SAIDA","39.24"
"1210","1","1","Banco do Brasil S.A.","2763","4","AGENCIA BANCO BRASIL VGSUL","0000030006","3","BCO BRASIL - CONTA MOVIMENTO","87627.75","0","0","5336.11","661679.78","0","0","157436.21","227816.39","155051.46","614409.09","24/12/2025 00:00:00","","FORTE ALIANCA SERVICOS TERCEIRIZADOS LTDA - PAGAMENTO EFETUADO EM DUPLICIDADE NO BANCO","BANCO","SAIDA","5870.71"
"1210","1","1","Banco do Brasil S.A.","2763","4","AGENCIA BANCO BRASIL VGSUL","0000030006","3","BCO BRASIL - CONTA MOVIMENTO","87627.75","0","0","5336.11","661679.78","0","0","157436.21","227816.39","155051.46","614409.09","24/12/2025 00:00:00","","SOCIEDADE HUMANITÁRIA - PAGAMENTO EFETUADO EM DUPLICIDADE NO BANCO","BANCO","SAIDA","16288.4"
"1210","1","1","Banco do Brasil S.A.","2763","4","AGENCIA BANCO BRASIL VGSUL","0000030006","3","BCO BRASIL - CONTA MOVIMENTO","87627.75","0","0","5336.11","661679.78","0","0","157436.21","227816.39","155051.46","614409.09","30/12/2025 00:00:00","","SUPERMERCADO NOVO MILENIO LTDA - PAGAMENTO EFETUADO EM DUPLICIDADE NO BANCO","BANCO","SAIDA","526.68"
"1210","1","1","Banco do Brasil S.A.","2763","4","AGENCIA BANCO BRASIL VGSUL","0000030006","3","BCO BRASIL - CONTA MOVIMENTO","87627.75","0","0","5336.11","661679.78","0","0","157436.21","227816.39","155051.46","614409.09","30/12/2025 00:00:00","","TED, CREDITADA NA CONTA DO FUPREBEN, PARA ACERTO DE CONCILIAÇÃO, EFETUADA INCORRETAMENTE NO BANCO","BANCO","SAIDA","160.91"
"1210","1","1","Banco do Brasil S.A.","2763","4","AGENCIA BANCO BRASIL VGSUL","0000030006","3","BCO BRASIL - CONTA MOVIMENTO","87627.75","0","0","5336.11","661679.78","0","0","157436.21","227816.39","155051.46","614409.09","30/12/2025 00:00:00","","JOICE ALINE RIBEIRO  - PAGAMENTO EFETUADO EM DUPLICIDADE NO BANCO","BANCO","SAIDA","2180.59"
"1210","1","1","Banco do Brasil S.A.","2763","4","AGENCIA BANCO BRASIL VGSUL","0000030006","3","BCO BRASIL - CONTA MOVIMENTO","87627.75","0","0","5336.11","661679.78","0","0","157436.21","227816.39","155051.46","614409.09","30/12/2025 00:00:00","","PHTRON MEDIÇÃO LTDA - PAGAMENTO EFETUADO EM DUPLICIDADE NO BANCO","BANCO","SAIDA","1490"
"1210","1","1","Banco do Brasil S.A.","2763","4","AGENCIA BANCO BRASIL VGSUL","0000030006","3","BCO BRASIL - CONTA MOVIMENTO","87627.75","0","0","5336.11","661679.78","0","0","157436.21","227816.39","155051.46","614409.09","30/12/2025 00:00:00",""," WILIAN DE FREITAS - PAGAMENTO EFETUADO EM DUPLICIDADE NO BANCO","BANCO","SAIDA","10280"
"1210","1","1","Banco do Brasil S.A.","2763","4","AGENCIA BANCO BRASIL VGSUL","0000030006","3","BCO BRASIL - CONTA MOVIMENTO","87627.75","0","0","5336.11","661679.78","0","0","157436.21","227816.39","155051.46","614409.09","30/12/2025 00:00:00","","REEMBOLSO DE TARIFA BANCÁRIA, CREDITADO NA CONTA 1452, NÃO CONTABILIZADO","BANCO","SAIDA","26.16"
"1210","1","1","Banco do Brasil S.A.","2763","4","AGENCIA BANCO BRASIL VGSUL","0000030006","3","BCO BRASIL - CONTA MOVIMENTO","87627.75","0","0","5336.11","661679.78","0","0","157436.21","227816.39","155051.46","614409.09","30/12/2025 00:00:00","","ALBANO DE FREITAS DIAS - PAGAMENTO EFETUADO EM DUPLICIDADE NO BANCO","BANCO","SAIDA","1486"
"1210","1","1","Banco do Brasil S.A.","2763","4","AGENCIA BANCO BRASIL VGSUL","0000030006","3","BCO BRASIL - CONTA MOVIMENTO","87627.75","0","0","5336.11","661679.78","0","0","157436.21","227816.39","155051.46","614409.09","30/12/2025 00:00:00",""," ANTONIO ANGELO PEREIRA - PAGAMENTO EFETUADO EM DUPLICIDADE NO BANCO","BANCO","SAIDA","1036.94"
"1210","1","1","Banco do Brasil S.A.","2763","4","AGENCIA BANCO BRASIL VGSUL","0000030006","3","BCO BRASIL - CONTA MOVIMENTO","87627.75","0","0","5336.11","661679.78","0","0","157436.21","227816.39","155051.46","614409.09","30/12/2025 00:00:00","","DROGARIA FAMÍLIA CAMPOS LTDA  - PAGAMENTO EFETUADO EM DUPLICIDADE NO BANCO","BANCO","SAIDA","265.39"
"1210","1","1","Banco do Brasil S.A.","2763","4","AGENCIA BANCO BRASIL VGSUL","0000030006","3","BCO BRASIL - CONTA MOVIMENTO","87627.75","0","0","5336.11","661679.78","0","0","157436.21","227816.39","155051.46","614409.09","30/12/2025 00:00:00","","DIRENE DE FÁTIMA DA SILVA - PAGAMENTO EFETUADO EM DUPLICIDADE NO BANCO","BANCO","SAIDA","97.13"
"1210","1","1","Banco do Brasil S.A.","2763","4","AGENCIA BANCO BRASIL VGSUL","0000030006","3","BCO BRASIL - CONTA MOVIMENTO","87627.75","0","0","5336.11","661679.78","0","0","157436.21","227816.39","155051.46","614409.09","30/12/2025 00:00:00","","BONZÃO COMÉRCIO  - PAGAMENTO EFETUADO EM DUPLICIDADE NO BANCO","BANCO","SAIDA","435.25"
"1210","1","1","Banco do Brasil S.A.","2763","4","AGENCIA BANCO BRASIL VGSUL","0000030006","3","BCO BRASIL - CONTA MOVIMENTO","87627.75","0","0","5336.11","661679.78","0","0","157436.21","227816.39","155051.46","614409.09","30/05/2025 00:00:00","","TRANSFERÊNCIA I.S.S DIAGCENTER - MEDICINA DIAGNÓSTICA LTDA, DEBITADA DA CONTA 1428, NÃO EFETUADA NO BANCO","JURISDICIONADO","ENTRADA","32.73"
"1210","1","1","Banco do Brasil S.A.","2763","4","AGENCIA BANCO BRASIL VGSUL","0000030006","3","BCO BRASIL - CONTA MOVIMENTO","87627.75","0","0","5336.11","661679.78","0","0","157436.21","227816.39","155051.46","614409.09","30/05/2025 00:00:00","","TRANSFERÊNCIA I.R. DIAGCENTER - MEDICINA DIAGNÓSTICA LTDA, DEBITADA DA CONTA 1428, NÃO EFETUADA NO BANCO","JURISDICIONADO","ENTRADA","13.09"
"1210","1","1","Banco do Brasil S.A.","2763","4","AGENCIA BANCO BRASIL VGSUL","0000030006","3","BCO BRASIL - CONTA MOVIMENTO","87627.75","0","0","5336.11","661679.78","0","0","157436.21","227816.39","155051.46","614409.09","30/09/2025 00:00:00","","ANULAÇÃO REF. AO ESTORNO DA TAXA DE INSCRIÇÃO, EFETUADA INDEVIDAMENTE NA CONTABILIZADA","JURISDICIONADO","ENTRADA","2000"
"1210","1","1","Banco do Brasil S.A.","2763","4","AGENCIA BANCO BRASIL VGSUL","0000030006","3","BCO BRASIL - CONTA MOVIMENTO","87627.75","0","0","5336.11","661679.78","0","0","157436.21","227816.39","155051.46","614409.09","18/12/2025 00:00:00","","TRANSFERÊNCIA, DEBITADA DA CONTA 1311, CONTABILIZADA EM DUPLICIDADE","JURISDICIONADO","ENTRADA","150000"
"1210","1","1","Banco do Brasil S.A.","2763","4","AGENCIA BANCO BRASIL VGSUL","0000030006","3","BCO BRASIL - CONTA MOVIMENTO","87627.75","0","0","5336.11","661679.78","0","0","157436.21","227816.39","155051.46","614409.09","24/12/2025 00:00:00","","TRANSFERÊNCIA I.S.S RLG CONSTRUTORA LTDA, DEBITADA DA CONTA 1513, NÃO EFETUADA NO BANCO","JURISDICIONADO","ENTRADA","969.19"
"1210","1","1","Banco do Brasil S.A.","2763","4","AGENCIA BANCO BRASIL VGSUL","0000030006","3","BCO BRASIL - CONTA MOVIMENTO","87627.75","0","0","5336.11","661679.78","0","0","157436.21","227816.39","155051.46","614409.09","30/12/2025 00:00:00","","TRANSFERÊNCIA REF. FOLHA DE PAGAMENTO DEZEMBRO/25, DEBITADA DA CONTA 1463, NÃO EFETUADA NO BANCO","JURISDICIONADO","ENTRADA","2036.45"
"1210","1","1","Banco do Brasil S.A.","2763","4","AGENCIA BANCO BRASIL VGSUL","0000030006","3","BCO BRASIL - CONTA MOVIMENTO","87627.75","0","0","5336.11","661679.78","0","0","157436.21","227816.39","155051.46","614409.09","10/09/2021 00:00:00","1","Ricardo Zampar (NE 10298)","JURISDICIONADO","SAIDA","5746.07"
"1210","1","1","Banco do Brasil S.A.","2763","4","AGENCIA BANCO BRASIL VGSUL","0000030006","3","BCO BRASIL - CONTA MOVIMENTO","87627.75","0","0","5336.11","661679.78","0","0","157436.21","227816.39","155051.46","614409.09","10/09/2021 00:00:00","2"," Ricardo Zampar (NE 10297)","JURISDICIONADO","SAIDA","700"
"1210","1","1","Banco do Brasil S.A.","2763","4","AGENCIA BANCO BRASIL VGSUL","0000030006","3","BCO BRASIL - CONTA MOVIMENTO","87627.75","0","0","5336.11","661679.78","0","0","157436.21","227816.39","155051.46","614409.09","03/12/2024 00:00:00","1","PREFEITURA MUNICIPAL DE VARGEM GRANDE DO SUL (AP 24951 E 24952) ADIANTAMENTO DE SALÁRIO 5-NOVEMBRO/24, NÃO DEBITADO NO BANCO","JURISDICIONADO","SAIDA","2098"
"1210","1","1","Banco do Brasil S.A.","2763","4","AGENCIA BANCO BRASIL VGSUL","0000030006","3","BCO BRASIL - CONTA MOVIMENTO","87627.75","0","0","5336.11","661679.78","0","0","157436.21","227816.39","155051.46","614409.09","29/01/2025 00:00:00","","TABELIÃO DE NOTAS E DE PROTESTOS DE LETRAS E TÍTULOS (AP 124) NÃO DEBITADO NO BANCO","JURISDICIONADO","SAIDA","715.18"
"1210","1","1","Banco do Brasil S.A.","2763","4","AGENCIA BANCO BRASIL VGSUL","0000030006","3","BCO BRASIL - CONTA MOVIMENTO","87627.75","0","0","5336.11","661679.78","0","0","157436.21","227816.39","155051.46","614409.09","13/02/2025 00:00:00","","LUIS CLÁUDIO ROSALIN (AP 337) NÃO DEBITADO NO BANCO","JURISDICIONADO","SAIDA","17.65"
"1210","1","1","Banco do Brasil S.A.","2763","4","AGENCIA BANCO BRASIL VGSUL","0000030006","3","BCO BRASIL - CONTA MOVIMENTO","87627.75","0","0","5336.11","661679.78","0","0","157436.21","227816.39","155051.46","614409.09","21/02/2025 00:00:00","","I.N.S.S EDSON JOSUÉ MORETTI (AP 1064) NÃO DEBITADO NO BANCO","JURISDICIONADO","SAIDA","660"
"1210","1","1","Banco do Brasil S.A.","2763","4","AGENCIA BANCO BRASIL VGSUL","0000030006","3","BCO BRASIL - CONTA MOVIMENTO","87627.75","0","0","5336.11","661679.78","0","0","157436.21","227816.39","155051.46","614409.09","12/03/2025 00:00:00","","IRINEU VALENTIM TONELOTTO - ME (AP 1370)  NÃO DEBITADO NO BANCO","JURISDICIONADO","SAIDA","446.77"
"1210","1","1","Banco do Brasil S.A.","2763","4","AGENCIA BANCO BRASIL VGSUL","0000030006","3","BCO BRASIL - CONTA MOVIMENTO","87627.75","0","0","5336.11","661679.78","0","0","157436.21","227816.39","155051.46","614409.09","26/03/2025 00:00:00","","I.N.S.S (AP 1797) JOSÉ GERALDO ROSALIN,  NÃO DEBITADO NO BANCO","JURISDICIONADO","SAIDA","39.6"
"1210","1","1","Banco do Brasil S.A.","2763","4","AGENCIA BANCO BRASIL VGSUL","0000030006","3","BCO BRASIL - CONTA MOVIMENTO","87627.75","0","0","5336.11","661679.78","0","0","157436.21","227816.39","155051.46","614409.09","26/03/2025 00:00:00","","I.N.S.S (A 1800) FERNANDO GAMBAROTO,  NÃO DEBITADO NO BANCO","JURISDICIONADO","SAIDA","24.2"
"1210","1","1","Banco do Brasil S.A.","2763","4","AGENCIA BANCO BRASIL VGSUL","0000030006","3","BCO BRASIL - CONTA MOVIMENTO","87627.75","0","0","5336.11","661679.78","0","0","157436.21","227816.39","155051.46","614409.09","28/04/2025 00:00:00","","I.N.S.S (AP 2723) CONTABILIZADA À MAIOR","JURISDICIONADO","SAIDA","2.02"
"1210","1","1","Banco do Brasil S.A.","2763","4","AGENCIA BANCO BRASIL VGSUL","0000030006","3","BCO BRASIL - CONTA MOVIMENTO","87627.75","0","0","5336.11","661679.78","0","0","157436.21","227816.39","155051.46","614409.09","29/04/2025 00:00:00","","PAULO EDUARDO BERNARDES (AP 2675) NÃO DEBITADO NO BANCO","JURISDICIONADO","SAIDA","270"
"1210","1","1","Banco do Brasil S.A.","2763","4","AGENCIA BANCO BRASIL VGSUL","0000030006","3","BCO BRASIL - CONTA MOVIMENTO","87627.75","0","0","5336.11","661679.78","0","0","157436.21","227816.39","155051.46","614409.09","29/04/2025 00:00:00","","CLÁUDIA HELENA NICOLAU (AP 2684) NÃO DEBITADO NO BANCO","JURISDICIONADO","SAIDA","125.68"
"1210","1","1","Banco do Brasil S.A.","2763","4","AGENCIA BANCO BRASIL VGSUL","0000030006","3","BCO BRASIL - CONTA MOVIMENTO","87627.75","0","0","5336.11","661679.78","0","0","157436.21","227816.39","155051.46","614409.09","29/04/2025 00:00:00","","I.N.S.S (AP 2707) MARIA MARTA GUERTS VAROLA, NÃO DEBITADO NO BANCO","JURISDICIONADO","SAIDA","41.8"
"1210","1","1","Banco do Brasil S.A.","2763","4","AGENCIA BANCO BRASIL VGSUL","0000030006","3","BCO BRASIL - CONTA MOVIMENTO","87627.75","0","0","5336.11","661679.78","0","0","157436.21","227816.39","155051.46","614409.09","05/05/2025 00:00:00","","SOFTWARE.COM.BR TECNOLOGIA E CONSULTORIA LTDA (AP 2752) DESCONTO DE PIS, COFINS E CSLL CONCEDIDO PELO FORNECEDOR E NÃO CONSIDERADO NA AUTORIZAÇÃO DE PAGAMENTO","JURISDICIONADO","SAIDA","218.17"
"1210","1","1","Banco do Brasil S.A.","2763","4","AGENCIA BANCO BRASIL VGSUL","0000030006","3","BCO BRASIL - CONTA MOVIMENTO","87627.75","0","0","5336.11","661679.78","0","0","157436.21","227816.39","155051.46","614409.09","07/05/2025 00:00:00","","JOAQUIM JOSÉ REIS DE SOUZA (AP 2835) NÃO DEBITADO NO BANCO","JURISDICIONADO","SAIDA","78.12"
"1210","1","1","Banco do Brasil S.A.","2763","4","AGENCIA BANCO BRASIL VGSUL","0000030006","3","BCO BRASIL - CONTA MOVIMENTO","87627.75","0","0","5336.11","661679.78","0","0","157436.21","227816.39","155051.46","614409.09","20/05/2025 00:00:00","","ANTÔNIO a. PEREIRA (AP 3355) NÃO DEBITADO NO BANCO","JURISDICIONADO","SAIDA","1335.17"
"1210","1","1","Banco do Brasil S.A.","2763","4","AGENCIA BANCO BRASIL VGSUL","0000030006","3","BCO BRASIL - CONTA MOVIMENTO","87627.75","0","0","5336.11","661679.78","0","0","157436.21","227816.39","155051.46","614409.09","05/06/2025 00:00:00","","FUPREBEN REFERENTE AO PARCELAMENTO - PAGAMENTO EFETUADO À MENOR NO BANCO","JURISDICIONADO","SAIDA","0.03"
"1210","1","1","Banco do Brasil S.A.","2763","4","AGENCIA BANCO BRASIL VGSUL","0000030006","3","BCO BRASIL - CONTA MOVIMENTO","87627.75","0","0","5336.11","661679.78","0","0","157436.21","227816.39","155051.46","614409.09","13/06/2025 00:00:00","","PATRÍCIA HELENA DE OLIVEIRA NICOLAU (AP 4028) NÃO DEBITADO NO BANCO","JURISDICIONADO","SAIDA","68.13"
"1210","1","1","Banco do Brasil S.A.","2763","4","AGENCIA BANCO BRASIL VGSUL","0000030006","3","BCO BRASIL - CONTA MOVIMENTO","87627.75","0","0","5336.11","661679.78","0","0","157436.21","227816.39","155051.46","614409.09","27/06/2025 00:00:00","","ANTÔNIO LEANDRO NETO (AP 4291) NÃO DEBITADO NO BANCO","JURISDICIONADO","SAIDA","85"
"1210","1","1","Banco do Brasil S.A.","2763","4","AGENCIA BANCO BRASIL VGSUL","0000030006","3","BCO BRASIL - CONTA MOVIMENTO","87627.75","0","0","5336.11","661679.78","0","0","157436.21","227816.39","155051.46","614409.09","16/07/2025 00:00:00","","FONSECA & PAULETI AUTO PEÇAS E ACESSÓRIOS (AP 4878) NÃO DEBITADO NO BANCO","JURISDICIONADO","SAIDA","40"
"1210","1","1","Banco do Brasil S.A.","2763","4","AGENCIA BANCO BRASIL VGSUL","0000030006","3","BCO BRASIL - CONTA MOVIMENTO","87627.75","0","0","5336.11","661679.78","0","0","157436.21","227816.39","155051.46","614409.09","23/07/2025 00:00:00","","I.N.S.S (AP 5311) MATHEUS H. UMBELINO, NÃO DEBITADO NO BANCO","JURISDICIONADO","SAIDA","33"
"1210","1","1","Banco do Brasil S.A.","2763","4","AGENCIA BANCO BRASIL VGSUL","0000030006","3","BCO BRASIL - CONTA MOVIMENTO","87627.75","0","0","5336.11","661679.78","0","0","157436.21","227816.39","155051.46","614409.09","04/08/2025 00:00:00","","NIVALDO LUCIANO GERTRUDES (AP 5441) NÃO DEBITADO NO BANCO","JURISDICIONADO","SAIDA","62"
"1210","1","1","Banco do Brasil S.A.","2763","4","AGENCIA BANCO BRASIL VGSUL","0000030006","3","BCO BRASIL - CONTA MOVIMENTO","87627.75","0","0","5336.11","661679.78","0","0","157436.21","227816.39","155051.46","614409.09","18/08/2025 00:00:00","","I.N.S.S (AP 6534) MARIANA SANTIAGO,  NÃO DEBITADO NO BANCO","JURISDICIONADO","SAIDA","143"
"1210","1","1","Banco do Brasil S.A.","2763","4","AGENCIA BANCO BRASIL VGSUL","0000030006","3","BCO BRASIL - CONTA MOVIMENTO","87627.75","0","0","5336.11","661679.78","0","0","157436.21","227816.39","155051.46","614409.09","25/08/2025 00:00:00","","ANDERSON MONTE ALEGRE DOS SANTOS (AP 6178),  NÃO DEBITADO NO BANCO","JURISDICIONADO","SAIDA","180"
"1210","1","1","Banco do Brasil S.A.","2763","4","AGENCIA BANCO BRASIL VGSUL","0000030006","3","BCO BRASIL - CONTA MOVIMENTO","87627.75","0","0","5336.11","661679.78","0","0","157436.21","227816.39","155051.46","614409.09","26/08/2025 00:00:00","","I.N.S.S (AP 6229) NEUSA GALEGO,  NÃO DEBITADO NO BANCO","JURISDICIONADO","SAIDA","55.44"
"1210","1","1","Banco do Brasil S.A.","2763","4","AGENCIA BANCO BRASIL VGSUL","0000030006","3","BCO BRASIL - CONTA MOVIMENTO","87627.75","0","0","5336.11","661679.78","0","0","157436.21","227816.39","155051.46","614409.09","26/08/2025 00:00:00","","BANCO DO BRASIL S/A (AP 6235) CONTABILIZADO INDEVIDAMENTE","JURISDICIONADO","SAIDA","45.99"
"1210","1","1","Banco do Brasil S.A.","2763","4","AGENCIA BANCO BRASIL VGSUL","0000030006","3","BCO BRASIL - CONTA MOVIMENTO","87627.75","0","0","5336.11","661679.78","0","0","157436.21","227816.39","155051.46","614409.09","26/08/2025 00:00:00","","I.N.S.S (AP 6228) MARIA MARTA GUERTS VAROLA,  NÃO DEBITADO NO BANCO","JURISDICIONADO","SAIDA","69.96"
"1210","1","1","Banco do Brasil S.A.","2763","4","AGENCIA BANCO BRASIL VGSUL","0000030006","3","BCO BRASIL - CONTA MOVIMENTO","87627.75","0","0","5336.11","661679.78","0","0","157436.21","227816.39","155051.46","614409.09","02/09/2025 00:00:00","","I.N.S.S (AP 6421) NEUSA GALEGO, NÃO DEBITADO NO BANCO","JURISDICIONADO","SAIDA","52.8"
"1210","1","1","Banco do Brasil S.A.","2763","4","AGENCIA BANCO BRASIL VGSUL","0000030006","3","BCO BRASIL - CONTA MOVIMENTO","87627.75","0","0","5336.11","661679.78","0","0","157436.21","227816.39","155051.46","614409.09","02/09/2025 00:00:00","","I.N.S.S (AP 6421) NEUSA GALEGO, NÃO DEBITADO NO BANCO","JURISDICIONADO","SAIDA","68.64"
"1210","1","1","Banco do Brasil S.A.","2763","4","AGENCIA BANCO BRASIL VGSUL","0000030006","3","BCO BRASIL - CONTA MOVIMENTO","87627.75","0","0","5336.11","661679.78","0","0","157436.21","227816.39","155051.46","614409.09","15/09/2025 00:00:00","","ELEKTRO ELETRICIDADE E SERVIÇOS SA (AP 6827) FATURA NÃO DEBITADA NO BANCO","JURISDICIONADO","SAIDA","1052.32"
"1210","1","1","Banco do Brasil S.A.","2763","4","AGENCIA BANCO BRASIL VGSUL","0000030006","3","BCO BRASIL - CONTA MOVIMENTO","87627.75","0","0","5336.11","661679.78","0","0","157436.21","227816.39","155051.46","614409.09","08/10/2025 00:00:00","","PREFEITURA MUNIC VGSUL (AP 8862) RESCISÃO COMPLEMENTAR 1 - SETEMBRO/25, DEBITADA CORRETAMENTE NO BANCO DA CONTA 1475","JURISDICIONADO","SAIDA","87.34"
"1210","1","1","Banco do Brasil S.A.","2763","4","AGENCIA BANCO BRASIL VGSUL","0000030006","3","BCO BRASIL - CONTA MOVIMENTO","87627.75","0","0","5336.11","661679.78","0","0","157436.21","227816.39","155051.46","614409.09","09/10/2025 00:00:00","","TELEFÔNICA BRASIL S/A CONTABILIZADO À MAIOR","JURISDICIONADO","SAIDA","0.03"
"1210","1","1","Banco do Brasil S.A.","2763","4","AGENCIA BANCO BRASIL VGSUL","0000030006","3","BCO BRASIL - CONTA MOVIMENTO","87627.75","0","0","5336.11","661679.78","0","0","157436.21","227816.39","155051.46","614409.09","17/10/2025 00:00:00","","JOSÉ ROBERTO VILIA ALBERTO (AP 7743), NÃO DEBITADO NO BANCO","JURISDICIONADO","SAIDA","360"
"1210","1","1","Banco do Brasil S.A.","2763","4","AGENCIA BANCO BRASIL VGSUL","0000030006","3","BCO BRASIL - CONTA MOVIMENTO","87627.75","0","0","5336.11","661679.78","0","0","157436.21","227816.39","155051.46","614409.09","19/11/2025 00:00:00","","EVEREST DISTRIBUIDORA LTDA (AP 8811) NÃO DEBITADO NO BANCO","JURISDICIONADO","SAIDA","155156"
"1210","1","1","Banco do Brasil S.A.","2763","4","AGENCIA BANCO BRASIL VGSUL","0000030006","3","BCO BRASIL - CONTA MOVIMENTO","87627.75","0","0","5336.11","661679.78","0","0","157436.21","227816.39","155051.46","614409.09","28/11/2025 00:00:00","","TRANSFERÊNCIA PARA ACERTO DE CONCILIAÇÃO, CREDITADA NA CONTA 21 EM 31/10/2025, CONTABILIZADA INCORRETAMENTE","JURISDICIONADO","SAIDA","21.12"
"1210","1","1","Banco do Brasil S.A.","2763","4","AGENCIA BANCO BRASIL VGSUL","0000030006","3","BCO BRASIL - CONTA MOVIMENTO","87627.75","0","0","5336.11","661679.78","0","0","157436.21","227816.39","155051.46","614409.09","01/12/2025 00:00:00","","FUPREBEN (AP 9087) RESCISÃO 01-NOVEMBRO/25, CONTABILIZADO EM 27/11/2025 E NÃO DEBITADO NO BANCO","JURISDICIONADO","SAIDA","1493.32"
"1210","1","1","Banco do Brasil S.A.","2763","4","AGENCIA BANCO BRASIL VGSUL","0000030006","3","BCO BRASIL - CONTA MOVIMENTO","87627.75","0","0","5336.11","661679.78","0","0","157436.21","227816.39","155051.46","614409.09","04/12/2025 00:00:00","","RICARDO APARECIDO DOS REIS (AP 9237) - PAGAMENTO NÃO EFETUADO NO BANCO","JURISDICIONADO","SAIDA","160"
"1210","1","1","Banco do Brasil S.A.","2763","4","AGENCIA BANCO BRASIL VGSUL","0000030006","3","BCO BRASIL - CONTA MOVIMENTO","87627.75","0","0","5336.11","661679.78","0","0","157436.21","227816.39","155051.46","614409.09","04/12/2025 00:00:00","","I.N.S.S (AP 9235) CRISTINA ALVES C., NÃO DEBITADO NO BANCO","JURISDICIONADO","SAIDA","400.98"
"1210","1","1","Banco do Brasil S.A.","2763","4","AGENCIA BANCO BRASIL VGSUL","0000030006","3","BCO BRASIL - CONTA MOVIMENTO","87627.75","0","0","5336.11","661679.78","0","0","157436.21","227816.39","155051.46","614409.09","04/12/2025 00:00:00","","I.N.S.S (AP 9235) ISABELA FACONI, NÃO DEBITADO NO BANCO","JURISDICIONADO","SAIDA","400.98"
"1210","1","1","Banco do Brasil S.A.","2763","4","AGENCIA BANCO BRASIL VGSUL","0000030006","3","BCO BRASIL - CONTA MOVIMENTO","87627.75","0","0","5336.11","661679.78","0","0","157436.21","227816.39","155051.46","614409.09","04/12/2025 00:00:00","","SILAS EMANOEL DA SILVA (AP 9237) - PAGAMENTO NÃO EFETUADO NO BANCO","JURISDICIONADO","SAIDA","160"
"1210","1","1","Banco do Brasil S.A.","2763","4","AGENCIA BANCO BRASIL VGSUL","0000030006","3","BCO BRASIL - CONTA MOVIMENTO","87627.75","0","0","5336.11","661679.78","0","0","157436.21","227816.39","155051.46","614409.09","04/12/2025 00:00:00","","I.N.S.S (AP 9235) SÔNIA HELENA, NÃO DEBITADO NO BANCO","JURISDICIONADO","SAIDA","400.98"
"1210","1","1","Banco do Brasil S.A.","2763","4","AGENCIA BANCO BRASIL VGSUL","0000030006","3","BCO BRASIL - CONTA MOVIMENTO","87627.75","0","0","5336.11","661679.78","0","0","157436.21","227816.39","155051.46","614409.09","04/12/2025 00:00:00","","MARCIO HENRIQUE DA COSTA (9237) - PAGAMENTO NÃO EFETUADO NO BANCO","JURISDICIONADO","SAIDA","160"
"1210","1","1","Banco do Brasil S.A.","2763","4","AGENCIA BANCO BRASIL VGSUL","0000030006","3","BCO BRASIL - CONTA MOVIMENTO","87627.75","0","0","5336.11","661679.78","0","0","157436.21","227816.39","155051.46","614409.09","04/12/2025 00:00:00","","MATEUS ANDRE DA SILVA (AP 9237) - PAGAMENTO NÃO EFETUADO NO BANCO","JURISDICIONADO","SAIDA","160"
"1210","1","1","Banco do Brasil S.A.","2763","4","AGENCIA BANCO BRASIL VGSUL","0000030006","3","BCO BRASIL - CONTA MOVIMENTO","87627.75","0","0","5336.11","661679.78","0","0","157436.21","227816.39","155051.46","614409.09","04/12/2025 00:00:00","","MARCIO DA SILVA PEREIRA (AP 9237) - PAGAMENTO NÃO EFETUADO NO BANCO","JURISDICIONADO","SAIDA","160"
"1210","1","1","Banco do Brasil S.A.","2763","4","AGENCIA BANCO BRASIL VGSUL","0000030006","3","BCO BRASIL - CONTA MOVIMENTO","87627.75","0","0","5336.11","661679.78","0","0","157436.21","227816.39","155051.46","614409.09","04/12/2025 00:00:00","","BRUNO MARTINS JANGOAS (AP 9237) - PAGAMENTO NÃO EFETUADO NO BANCO","JURISDICIONADO","SAIDA","160"
"1210","1","1","Banco do Brasil S.A.","2763","4","AGENCIA BANCO BRASIL VGSUL","0000030006","3","BCO BRASIL - CONTA MOVIMENTO","87627.75","0","0","5336.11","661679.78","0","0","157436.21","227816.39","155051.46","614409.09","04/12/2025 00:00:00","","NELSON ANICETO DA SILVA FILHO (9237) - PAGAMENTO NÃO EFETUADO NO BANCO","JURISDICIONADO","SAIDA","160"
"1210","1","1","Banco do Brasil S.A.","2763","4","AGENCIA BANCO BRASIL VGSUL","0000030006","3","BCO BRASIL - CONTA MOVIMENTO","87627.75","0","0","5336.11","661679.78","0","0","157436.21","227816.39","155051.46","614409.09","04/12/2025 00:00:00","","WESLEY APARECIDO VIEIRA (AP 9237) - PAGAMENTO NÃO EFETUADO NO BANCO","JURISDICIONADO","SAIDA","160"
"1210","1","1","Banco do Brasil S.A.","2763","4","AGENCIA BANCO BRASIL VGSUL","0000030006","3","BCO BRASIL - CONTA MOVIMENTO","87627.75","0","0","5336.11","661679.78","0","0","157436.21","227816.39","155051.46","614409.09","04/12/2025 00:00:00","","LUCAS ROBERTO LEITE (AP 9237) - PAGAMENTO NÃO EFETUADO NO BANCO","JURISDICIONADO","SAIDA","160"
"1210","1","1","Banco do Brasil S.A.","2763","4","AGENCIA BANCO BRASIL VGSUL","0000030006","3","BCO BRASIL - CONTA MOVIMENTO","87627.75","0","0","5336.11","661679.78","0","0","157436.21","227816.39","155051.46","614409.09","04/12/2025 00:00:00","","SALOMÃO BARBOSA DE PAULA JÚNIOR (AP 9237) - PAGAMENTO NÃO EFETUADO NO BANCO","JURISDICIONADO","SAIDA","160"
"1210","1","1","Banco do Brasil S.A.","2763","4","AGENCIA BANCO BRASIL VGSUL","0000030006","3","BCO BRASIL - CONTA MOVIMENTO","87627.75","0","0","5336.11","661679.78","0","0","157436.21","227816.39","155051.46","614409.09","04/12/2025 00:00:00","","VINICIUS AUGUSTO SILVA PATENTE (AP 9237) - PAGAMENTO NÃO EFETUADO NO BANCO","JURISDICIONADO","SAIDA","160"
"1210","1","1","Banco do Brasil S.A.","2763","4","AGENCIA BANCO BRASIL VGSUL","0000030006","3","BCO BRASIL - CONTA MOVIMENTO","87627.75","0","0","5336.11","661679.78","0","0","157436.21","227816.39","155051.46","614409.09","04/12/2025 00:00:00","","I.N.S.S (AP 9235) CLEIDE AP. PATROCÍNIO, NÃO DEBITADO NO BANCO","JURISDICIONADO","SAIDA","400.98"
"1210","1","1","Banco do Brasil S.A.","2763","4","AGENCIA BANCO BRASIL VGSUL","0000030006","3","BCO BRASIL - CONTA MOVIMENTO","87627.75","0","0","5336.11","661679.78","0","0","157436.21","227816.39","155051.46","614409.09","04/12/2025 00:00:00","","JOSE JULIO CABRAL DE VASCONCELLOS (9237) - PAGAMENTO NÃO EFETUADO NO BANCO","JURISDICIONADO","SAIDA","160"
"1210","1","1","Banco do Brasil S.A.","2763","4","AGENCIA BANCO BRASIL VGSUL","0000030006","3","BCO BRASIL - CONTA MOVIMENTO","87627.75","0","0","5336.11","661679.78","0","0","157436.21","227816.39","155051.46","614409.09","04/12/2025 00:00:00","","EDUARDO TEODORIO DA PAIXAO (AP 9237) - PAGAMENTO NÃO EFETUADO NO BANCO","JURISDICIONADO","SAIDA","160"
"1210","1","1","Banco do Brasil S.A.","2763","4","AGENCIA BANCO BRASIL VGSUL","0000030006","3","BCO BRASIL - CONTA MOVIMENTO","87627.75","0","0","5336.11","661679.78","0","0","157436.21","227816.39","155051.46","614409.09","04/12/2025 00:00:00","","PAULO CESAR EMILIANO (AP 9237) - PAGAMENTO NÃO EFETUADO NO BANCO","JURISDICIONADO","SAIDA","160"
"1210","1","1","Banco do Brasil S.A.","2763","4","AGENCIA BANCO BRASIL VGSUL","0000030006","3","BCO BRASIL - CONTA MOVIMENTO","87627.75","0","0","5336.11","661679.78","0","0","157436.21","227816.39","155051.46","614409.09","04/12/2025 00:00:00","","RODRIGO APARECIDO COVATI ROQUE (AP 9237) - PAGAMENTO NÃO EFETUADO NO BANCO","JURISDICIONADO","SAIDA","160"
"1210","1","1","Banco do Brasil S.A.","2763","4","AGENCIA BANCO BRASIL VGSUL","0000030006","3","BCO BRASIL - CONTA MOVIMENTO","87627.75","0","0","5336.11","661679.78","0","0","157436.21","227816.39","155051.46","614409.09","04/12/2025 00:00:00","","I.N.S.S (AP 9235) BRUNA SIMÕES, NÃO DEBITADO NO BANCO","JURISDICIONADO","SAIDA","400.98"
"1210","1","1","Banco do Brasil S.A.","2763","4","AGENCIA BANCO BRASIL VGSUL","0000030006","3","BCO BRASIL - CONTA MOVIMENTO","87627.75","0","0","5336.11","661679.78","0","0","157436.21","227816.39","155051.46","614409.09","10/12/2025 00:00:00","","I.N.S.S (9423) CARLOS ALBERTO SEIXAS, NÃO DEBITADO NO BANCO","JURISDICIONADO","SAIDA","110"
"1210","1","1","Banco do Brasil S.A.","2763","4","AGENCIA BANCO BRASIL VGSUL","0000030006","3","BCO BRASIL - CONTA MOVIMENTO","87627.75","0","0","5336.11","661679.78","0","0","157436.21","227816.39","155051.46","614409.09","11/12/2025 00:00:00","","ELEKTRO ELETRICIDADE E SERVIÇOS SA (AP 9434) FATURA NÃO DEBITADA NO BANCO","JURISDICIONADO","SAIDA","221.79"
"1210","1","1","Banco do Brasil S.A.","2763","4","AGENCIA BANCO BRASIL VGSUL","0000030006","3","BCO BRASIL - CONTA MOVIMENTO","87627.75","0","0","5336.11","661679.78","0","0","157436.21","227816.39","155051.46","614409.09","11/12/2025 00:00:00","","I.N.S.S (AP 9435) NEUSA GALEGO, NÃO DEBITADO NO BANCO","JURISDICIONADO","SAIDA","39.6"
"1210","1","1","Banco do Brasil S.A.","2763","4","AGENCIA BANCO BRASIL VGSUL","0000030006","3","BCO BRASIL - CONTA MOVIMENTO","87627.75","0","0","5336.11","661679.78","0","0","157436.21","227816.39","155051.46","614409.09","11/12/2025 00:00:00","","I.N.S.S (AP 9438) MARIA MARTA GUERTS VAROLA, NÃO DEBITADO NO BANCO","JURISDICIONADO","SAIDA","192.45"
"1210","1","1","Banco do Brasil S.A.","2763","4","AGENCIA BANCO BRASIL VGSUL","0000030006","3","BCO BRASIL - CONTA MOVIMENTO","87627.75","0","0","5336.11","661679.78","0","0","157436.21","227816.39","155051.46","614409.09","16/12/2025 00:00:00","","I.N.S.S (AP 9670) FORTE ALIANÇA, NÃO DEBITADO NO BANCO","JURISDICIONADO","SAIDA","653.29"
"1210","1","1","Banco do Brasil S.A.","2763","4","AGENCIA BANCO BRASIL VGSUL","0000030006","3","BCO BRASIL - CONTA MOVIMENTO","87627.75","0","0","5336.11","661679.78","0","0","157436.21","227816.39","155051.46","614409.09","16/12/2025 00:00:00","","I.N.S.S (AP 9669) MATHEUS UMBELINO, NÃO DEBITADO NO BANCO","JURISDICIONADO","SAIDA","36.3"
"1210","1","1","Banco do Brasil S.A.","2763","4","AGENCIA BANCO BRASIL VGSUL","0000030006","3","BCO BRASIL - CONTA MOVIMENTO","87627.75","0","0","5336.11","661679.78","0","0","157436.21","227816.39","155051.46","614409.09","16/12/2025 00:00:00","","JOSÉ ROBERTO VILIA ALBERTO (AP 9616), NÃO DEBITADO NO BANCO","JURISDICIONADO","SAIDA","720"
"1210","1","1","Banco do Brasil S.A.","2763","4","AGENCIA BANCO BRASIL VGSUL","0000030006","3","BCO BRASIL - CONTA MOVIMENTO","87627.75","0","0","5336.11","661679.78","0","0","157436.21","227816.39","155051.46","614409.09","22/12/2025 00:00:00","","I.N.S.S (AP 9877) SÔNIA HELENA, NÃO DEBITADO NO BANCO","JURISDICIONADO","SAIDA","400.98"
"1210","1","1","Banco do Brasil S.A.","2763","4","AGENCIA BANCO BRASIL VGSUL","0000030006","3","BCO BRASIL - CONTA MOVIMENTO","87627.75","0","0","5336.11","661679.78","0","0","157436.21","227816.39","155051.46","614409.09","22/12/2025 00:00:00","","I.N.S.S (AP 9877) CLEIDE APARECIDA, NÃO DEBITADO NO BANCO","JURISDICIONADO","SAIDA","400.98"
"1210","1","1","Banco do Brasil S.A.","2763","4","AGENCIA BANCO BRASIL VGSUL","0000030006","3","BCO BRASIL - CONTA MOVIMENTO","87627.75","0","0","5336.11","661679.78","0","0","157436.21","227816.39","155051.46","614409.09","22/12/2025 00:00:00","","I.N.S.S (AP 9877) BRUNA SIMÕES, NÃO DEBITADO NO BANCO","JURISDICIONADO","SAIDA","400.98"
"1210","1","1","Banco do Brasil S.A.","2763","4","AGENCIA BANCO BRASIL VGSUL","0000030006","3","BCO BRASIL - CONTA MOVIMENTO","87627.75","0","0","5336.11","661679.78","0","0","157436.21","227816.39","155051.46","614409.09","22/12/2025 00:00:00","","I.N.S.S (AP 9877) ISABELA FACONI, NÃO DEBITADO NO BANCO","JURISDICIONADO","SAIDA","400.98"
"1210","1","1","Banco do Brasil S.A.","2763","4","AGENCIA BANCO BRASIL VGSUL","0000030006","3","BCO BRASIL - CONTA MOVIMENTO","87627.75","0","0","5336.11","661679.78","0","0","157436.21","227816.39","155051.46","614409.09","22/12/2025 00:00:00","","I.N.S.S (AP 9877) CRISTINA ALVES C., NÃO DEBITADO NO BANCO","JURISDICIONADO","SAIDA","400.98"
"1210","1","1","Banco do Brasil S.A.","2763","4","AGENCIA BANCO BRASIL VGSUL","0000030006","3","BCO BRASIL - CONTA MOVIMENTO","87627.75","0","0","5336.11","661679.78","0","0","157436.21","227816.39","155051.46","614409.09","22/12/2025 00:00:00","","I.N.S.S (AP 9962) JUROS PAGAMENTO DA EMPRESA CONSTRUDEZ, NÃO DEBITADO NO BANCO","JURISDICIONADO","SAIDA","404.66"
"1210","1","1","Banco do Brasil S.A.","2763","4","AGENCIA BANCO BRASIL VGSUL","0000030006","3","BCO BRASIL - CONTA MOVIMENTO","87627.75","0","0","5336.11","661679.78","0","0","157436.21","227816.39","155051.46","614409.09","23/12/2025 00:00:00","","JOSE LUIS SANCHES (AP 9908) NÃO DEBITADO NO BANCO","JURISDICIONADO","SAIDA","49.82"
"1210","1","1","Banco do Brasil S.A.","2763","4","AGENCIA BANCO BRASIL VGSUL","0000030006","3","BCO BRASIL - CONTA MOVIMENTO","87627.75","0","0","5336.11","661679.78","0","0","157436.21","227816.39","155051.46","614409.09","24/12/2025 00:00:00","","PINHALENSE S/A.-MAQUINAS AGRICOLAS (AP 9984), NÃO DEBITADO NO BANCO","JURISDICIONADO","SAIDA","4412.75"
"1210","1","1","Banco do Brasil S.A.","2763","4","AGENCIA BANCO BRASIL VGSUL","0000030006","3","BCO BRASIL - CONTA MOVIMENTO","87627.75","0","0","5336.11","661679.78","0","0","157436.21","227816.39","155051.46","614409.09","29/12/2025 00:00:00","","LEONEL DE AGUIAR THESOLIN - ME (AP 10013), NÃO DEBITADO NO BANCO","JURISDICIONADO","SAIDA","1200"
"1210","1","1","Banco do Brasil S.A.","2763","4","AGENCIA BANCO BRASIL VGSUL","0000030006","3","BCO BRASIL - CONTA MOVIMENTO","87627.75","0","0","5336.11","661679.78","0","0","157436.21","227816.39","155051.46","614409.09","30/12/2025 00:00:00","","BANCO BRADESCO SA (AP 10192), NÃO DEBITADO NO BANCO","JURISDICIONADO","SAIDA","5505.99"
"1210","1","1","Banco do Brasil S.A.","2763","4","AGENCIA BANCO BRASIL VGSUL","0000030006","3","BCO BRASIL - CONTA MOVIMENTO","87627.75","0","0","5336.11","661679.78","0","0","157436.21","227816.39","155051.46","614409.09","30/12/2025 00:00:00","","TIAGO DONIZETE RIBEIRO (AP 10188), NÃO DEBITADO NO BANCO","JURISDICIONADO","SAIDA","966.05"
"1210","1","1","Banco do Brasil S.A.","2763","4","AGENCIA BANCO BRASIL VGSUL","0000030006","3","BCO BRASIL - CONTA MOVIMENTO","87627.75","0","0","5336.11","661679.78","0","0","157436.21","227816.39","155051.46","614409.09","30/12/2025 00:00:00","","GUSTAVO DE FARIA VALIM (AP 10235), NÃO DEBITADO NO BANCO","JURISDICIONADO","SAIDA","3136.61"
"1210","1","1","Banco do Brasil S.A.","2763","4","AGENCIA BANCO BRASIL VGSUL","0000030006","3","BCO BRASIL - CONTA MOVIMENTO","87627.75","0","0","5336.11","661679.78","0","0","157436.21","227816.39","155051.46","614409.09","30/12/2025 00:00:00","","MARIANE MARTINS PEREIRA SALGUEIROSA (AP 10188), NÃO DEBITADO NO BANCO","JURISDICIONADO","SAIDA","1282.47"
"1210","1","1","Banco do Brasil S.A.","2763","4","AGENCIA BANCO BRASIL VGSUL","0000030006","3","BCO BRASIL - CONTA MOVIMENTO","87627.75","0","0","5336.11","661679.78","0","0","157436.21","227816.39","155051.46","614409.09","30/12/2025 00:00:00","","LUCIENE ALVES BORTOLOZZO (AP 10188), NÃO DEBITADO NO BANCO","JURISDICIONADO","SAIDA","784.94"
"1210","1","1","Banco do Brasil S.A.","2763","4","AGENCIA BANCO BRASIL VGSUL","0000030006","3","BCO BRASIL - CONTA MOVIMENTO","87627.75","0","0","5336.11","661679.78","0","0","157436.21","227816.39","155051.46","614409.09","30/12/2025 00:00:00","","COOPERATIVA DE CREDITO POUPANCA E INVESTIMENTO DEXIS SICREDI DEXIS (AP 10195), NÃO DEBITADO NO BANCO","JURISDICIONADO","SAIDA","41582.79"
"1210","1","1","Banco do Brasil S.A.","2763","4","AGENCIA BANCO BRASIL VGSUL","0000030006","3","BCO BRASIL - CONTA MOVIMENTO","87627.75","0","0","5336.11","661679.78","0","0","157436.21","227816.39","155051.46","614409.09","30/12/2025 00:00:00","","SINDICATO DOS SERVIDORES PUBLICOS MUNICIPAIS - RESCISÃO 2-NOVEMBRO/25 (AP 10228), NÃO DEBITADO NO BANCO","JURISDICIONADO","SAIDA","32.78"
"1210","1","1","Banco do Brasil S.A.","2763","4","AGENCIA BANCO BRASIL VGSUL","0000030006","3","BCO BRASIL - CONTA MOVIMENTO","87627.75","0","0","5336.11","661679.78","0","0","157436.21","227816.39","155051.46","614409.09","30/12/2025 00:00:00","","FERNANDA EDNEIA GONCALVES LINO (AP 10188), NÃO DEBITADO NO BANCO","JURISDICIONADO","SAIDA","1518"
"1210","1","1","Banco do Brasil S.A.","2763","4","AGENCIA BANCO BRASIL VGSUL","0000030006","3","BCO BRASIL - CONTA MOVIMENTO","87627.75","0","0","5336.11","661679.78","0","0","157436.21","227816.39","155051.46","614409.09","30/12/2025 00:00:00","","BANCO SANTANDER S.A (AP 10194), NÃO DEBITADO NO BANCO","JURISDICIONADO","SAIDA","12339.02"
"1210","1","1","Banco do Brasil S.A.","2763","4","AGENCIA BANCO BRASIL VGSUL","0000030006","3","BCO BRASIL - CONTA MOVIMENTO","87627.75","0","0","5336.11","661679.78","0","0","157436.21","227816.39","155051.46","614409.09","30/12/2025 00:00:00","","ASSASP ASSOCIAÇÃO DE ASSIST.SAÚDE DOS SERVIDORES PÚBLICOS (AP 10191), NÃO DEBITADO NO BANCO","JURISDICIONADO","SAIDA","76601.87"
"1210","1","1","Banco do Brasil S.A.","2763","4","AGENCIA BANCO BRASIL VGSUL","0000030006","3","BCO BRASIL - CONTA MOVIMENTO","87627.75","0","0","5336.11","661679.78","0","0","157436.21","227816.39","155051.46","614409.09","30/12/2025 00:00:00","","TRANSFERÊNCIA, PARA ACERTO DE CONCILIAÇÃO, DEBITADA DA CONTA 1428, CONTABILIZADA INDEVIDAMENTE","JURISDICIONADO","SAIDA","45.82"
"1210","1","1","Banco do Brasil S.A.","2763","4","AGENCIA BANCO BRASIL VGSUL","0000030006","3","BCO BRASIL - CONTA MOVIMENTO","87627.75","0","0","5336.11","661679.78","0","0","157436.21","227816.39","155051.46","614409.09","30/12/2025 00:00:00","","JUCELIA APARECIDA SARAIVA (AP 10188), NÃO DEBITADO NO BANCO","JURISDICIONADO","SAIDA","1062.6"
"1210","1","1","Banco do Brasil S.A.","2763","4","AGENCIA BANCO BRASIL VGSUL","0000030006","3","BCO BRASIL - CONTA MOVIMENTO","87627.75","0","0","5336.11","661679.78","0","0","157436.21","227816.39","155051.46","614409.09","30/12/2025 00:00:00","","FUPREBEN - FDO. DE PREVIDENCIA DE VARGEM GDE DO SUL (AP 10179), NÃO DEBITADO NO BANCO","JURISDICIONADO","SAIDA","149744.82"
"1210","1","1","Banco do Brasil S.A.","2763","4","AGENCIA BANCO BRASIL VGSUL","0000030006","3","BCO BRASIL - CONTA MOVIMENTO","87627.75","0","0","5336.11","661679.78","0","0","157436.21","227816.39","155051.46","614409.09","30/12/2025 00:00:00","","ASSOCIAÇÃO DA GUARDA CIVIL MUNICIPAL DE VGSUL AGC (AP 10232), NÃO DEBITADO NO BANCO","JURISDICIONADO","SAIDA","10"
"1210","1","1","Banco do Brasil S.A.","2763","4","AGENCIA BANCO BRASIL VGSUL","0000030006","3","BCO BRASIL - CONTA MOVIMENTO","87627.75","0","0","5336.11","661679.78","0","0","157436.21","227816.39","155051.46","614409.09","30/12/2025 00:00:00","","BANCO DO BRASIL S/A (AP 10193), NÃO DEBITADO NO BANCO","JURISDICIONADO","SAIDA","1785.96"
"1210","1","1","Banco do Brasil S.A.","2763","4","AGENCIA BANCO BRASIL VGSUL","0000030006","3","BCO BRASIL - CONTA MOVIMENTO","87627.75","0","0","5336.11","661679.78","0","0","157436.21","227816.39","155051.46","614409.09","30/12/2025 00:00:00","","AURÉLIA CRISTINA TEIXEIRA (AP 10188), NÃO DEBITADO NO BANCO","JURISDICIONADO","SAIDA","1000.23"
"1210","1","1","Banco do Brasil S.A.","2763","4","AGENCIA BANCO BRASIL VGSUL","0000030006","3","BCO BRASIL - CONTA MOVIMENTO","87627.75","0","0","5336.11","661679.78","0","0","157436.21","227816.39","155051.46","614409.09","30/12/2025 00:00:00","","AAMA - ASSOCIACAO AMIGOS DOS ANIMAIS DE VARGEM GRANDE DO SUL (APs 10160 a 10164), NÃO DEBITADO NO BANCO","JURISDICIONADO","SAIDA","45000"
"1210","1","1","Banco do Brasil S.A.","2763","4","AGENCIA BANCO BRASIL VGSUL","0000030006","3","BCO BRASIL - CONTA MOVIMENTO","87627.75","0","0","5336.11","661679.78","0","0","157436.21","227816.39","155051.46","614409.09","30/12/2025 00:00:00","","MARCIO OSORIO MENGALI (AP 10235), NÃO DEBITADO NO BANCO","JURISDICIONADO","SAIDA","3136.62"
"1210","1","1","Banco do Brasil S.A.","2763","4","AGENCIA BANCO BRASIL VGSUL","0000030006","3","BCO BRASIL - CONTA MOVIMENTO","87627.75","0","0","5336.11","661679.78","0","0","157436.21","227816.39","155051.46","614409.09","30/12/2025 00:00:00","","SINDICATO DOS SERVIDORES PUBLICOS MUNICIPAIS -FOLHA DEZEMBRO/25 (AP 10196, NÃO DEBITADO NO BANCO","JURISDICIONADO","SAIDA","71549.51"
"1210","1","1","Banco do Brasil S.A.","2763","4","AGENCIA BANCO BRASIL VGSUL","0000030006","3","BCO BRASIL - CONTA MOVIMENTO","87627.75","0","0","5336.11","661679.78","0","0","157436.21","227816.39","155051.46","614409.09","31/12/2025 00:00:00","","HOSPITAL DE CARIDADE VGSUL (AP 10236), NÃO DEBITADO NO BANCO","JURISDICIONADO","SAIDA","11280"
"1210","1","1","Banco do Brasil S.A.","2763","4","AGENCIA BANCO BRASIL VGSUL","0000030006","3","BCO BRASIL - CONTA MOVIMENTO","87627.75","0","0","5336.11","661679.78","0","0","157436.21","227816.39","155051.46","614409.09","","","","","",""
